name,brand,price
xiaomi-redmi-a2-plus,xiaomi,"Rs. 18,499"
xiaomi-redmi-a2-plus,xiaomi,"Rs. 18,499"
xiaomi-redmi-a2-plus,xiaomi,"Rs. 18,499"
xiaomi-redmi-a2-plus,xiaomi,"Rs. 18,499"
xiaomi-redmi-a2-plus,xiaomi,"Rs. 18,499"
xiaomi-redmi-a2-plus,xiaomi,"Rs. 18,499"
xiaomi-redmi-a2-plus,xiaomi,"Rs. 18,499"
xiaomi-redmi-a2-plus,xiaomi,"Rs. 18,499"
xiaomi-redmi-a2-plus,xiaomi,"Rs. 18,499"
xiaomi-redmi-a2-plus,xiaomi,"Rs. 18,499"
xiaomi-redmi-a2-plus,xiaomi,"Rs. 18,499"
xiaomi-redmi-a2-plus,xiaomi,"Rs. 18,499"
xiaomi-redmi-a2-plus,xiaomi,"Rs. 18,499"
xiaomi-redmi-a2-plus,xiaomi,"Rs. 18,499"
xiaomi-redmi-a2-plus,xiaomi,"Rs. 18,499"
xiaomi-redmi-a2-plus,xiaomi,"Rs. 18,499"
xiaomi-redmi-a2-plus,xiaomi,"Rs. 18,499"
xiaomi-redmi-a2-plus,xiaomi,"Rs. 18,499"
xiaomi-redmi-a2-plus,xiaomi,"Rs. 18,499"
xiaomi-redmi-a2-plus,xiaomi,"Rs. 18,499"
xiaomi-redmi-a2-plus,xiaomi,"Rs. 18,499"
xiaomi-redmi-a2-plus,xiaomi,"Rs. 18,499"
xiaomi-redmi-a2-plus,xiaomi,"Rs. 18,499"
xiaomi-redmi-a2-plus,xiaomi,"Rs. 18,499"
xiaomi-redmi-a2-plus,xiaomi,"Rs. 18,499"
xiaomi-redmi-a2-plus,xiaomi,"Rs. 18,499"
xiaomi-redmi-a2-plus,xiaomi,"Rs. 18,499"
xiaomi-redmi-a2-plus,xiaomi,"Rs. 18,499"
xiaomi-redmi-a2-plus,xiaomi,"Rs. 18,499"
xiaomi-redmi-a2-plus,xiaomi,"Rs. 18,499"
xiaomi-redmi-a2-plus,xiaomi,"Rs. 18,499"
xiaomi-redmi-a2-plus,xiaomi,"Rs. 18,499"
xiaomi-redmi-a2-plus,xiaomi,"Rs. 18,499"
xiaomi-redmi-a2-plus,xiaomi,"Rs. 18,499"
xiaomi-redmi-a2-plus,xiaomi,"Rs. 18,499"
me-mobile-power-max,me-mobile,"Rs. 1,775"
me-mobile-power-max,me-mobile,"Rs. 1,775"
me-mobile-power-max,me-mobile,"Rs. 1,775"
me-mobile-power-max,me-mobile,"Rs. 1,775"
me-mobile-power-max,me-mobile,"Rs. 1,775"
me-mobile-power-max,me-mobile,"Rs. 1,775"
me-mobile-power-max,me-mobile,"Rs. 1,775"
me-mobile-power-max,me-mobile,"Rs. 1,775"
me-mobile-power-max,me-mobile,"Rs. 1,775"
me-mobile-power-max,me-mobile,"Rs. 1,775"
me-mobile-power-max,me-mobile,"Rs. 1,775"
me-mobile-power-max,me-mobile,"Rs. 1,775"
me-mobile-power-max,me-mobile,"Rs. 1,775"
me-mobile-power-max,me-mobile,"Rs. 1,775"
me-mobile-power-max,me-mobile,"Rs. 1,775"
me-mobile-power-max,me-mobile,"Rs. 1,775"
me-mobile-power-max,me-mobile,"Rs. 1,775"
infinix-note-12-g96,infinix,"Rs. 45,499"
me-mobile-magic-star-pro,me-mobile,"Rs. 2,699"
me-mobile-power-max,me-mobile,"Rs. 1,775"
me-mobile-power-max,me-mobile,"Rs. 1,775"
infinix-note-12-g96,infinix,"Rs. 45,499"
xiaomi-13t-pro,xiaomi,"Rs. 229,999"
me-mobile-magic-star-pro,me-mobile,"Rs. 2,699"
me-mobile-magic-star-pro,me-mobile,"Rs. 2,699"
me-mobile-power-max,me-mobile,"Rs. 1,775"
gfive-mega-music,gfive,"Rs. 3,499"
infinix-note-12-g96,infinix,"Rs. 45,499"
infinix-note-12-g96,infinix,"Rs. 45,499"
xiaomi-13t-pro,xiaomi,"Rs. 229,999"
digit-infinity-max,digit,"Rs. 18,799"
me-mobile-magic-star-pro,me-mobile,"Rs. 2,699"
me-mobile-magic-star-pro,me-mobile,"Rs. 2,699"
me-mobile-power-max,me-mobile,"Rs. 1,775"
gfive-mega-music,gfive,"Rs. 3,499"
infinix-note-12-g96,infinix,"Rs. 45,499"
xiaomi-13t-pro,xiaomi,"Rs. 229,999"
digit-infinity-max,digit,"Rs. 18,799"
me-mobile-magic-star-pro,me-mobile,"Rs. 2,699"
me-mobile-power-max,me-mobile,"Rs. 1,775"
gfive-mega-music,gfive,"Rs. 3,499"
infinix-note-12-g96,infinix,"Rs. 45,499"
xiaomi-13t-pro,xiaomi,"Rs. 229,999"
digit-infinity-max,digit,"Rs. 18,799"
me-mobile-magic-star-pro,me-mobile,"Rs. 2,699"
me-mobile-power-max,me-mobile,"Rs. 1,775"
gfive-mega-music,gfive,"Rs. 3,499"
infinix-note-12-g96,infinix,"Rs. 45,499"
xiaomi-13t-pro,xiaomi,"Rs. 229,999"
digit-infinity-max,digit,"Rs. 18,799"
me-mobile-magic-star-pro,me-mobile,"Rs. 2,699"
me-mobile-power-max,me-mobile,"Rs. 1,775"
oppo-a78,oppo,"Rs. 66,799"
gfive-mega-music,gfive,"Rs. 3,499"
gfive-mega-music,gfive,"Rs. 3,499"
vivo-v29e,vivo,"Rs. 89,499"
infinix-note-12-g96,infinix,"Rs. 45,499"
infinix-note-12-g96,infinix,"Rs. 45,499"
samsung-galaxy-z-flip-5,samsung,"Rs. 329,999"
xiaomi-13t-pro,xiaomi,"Rs. 229,999"
xiaomi-13t-pro,xiaomi,"Rs. 229,999"
digit-infinity-max,digit,"Rs. 18,799"
me-mobile-magic-star-pro,me-mobile,"Rs. 2,699"
me-mobile-power-max,me-mobile,"Rs. 1,775"
oppo-a78,oppo,"Rs. 66,799"
gfive-mega-music,gfive,"Rs. 3,499"
vivo-v29e,vivo,"Rs. 89,499"
infinix-note-12-g96,infinix,"Rs. 45,499"
samsung-galaxy-z-flip-5,samsung,"Rs. 329,999"
gfive-g550-power,gfive,"Rs. 3,299"
xiaomi-13t-pro,xiaomi,"Rs. 229,999"
digit-infinity-max,digit,"Rs. 18,799"
digit-infinity-max,digit,"Rs. 18,799"
me-mobile-magic-star-pro,me-mobile,"Rs. 2,699"
me-mobile-power-max,me-mobile,"Rs. 1,775"
oppo-a78,oppo,"Rs. 66,799"
gfive-mega-music,gfive,"Rs. 3,499"
vivo-v29e,vivo,"Rs. 89,499"
infinix-note-12-g96,infinix,"Rs. 45,499"
samsung-galaxy-z-flip-5,samsung,"Rs. 329,999"
gfive-g550-power,gfive,"Rs. 3,299"
xiaomi-13t-pro,xiaomi,"Rs. 229,999"
digit-infinity-max,digit,"Rs. 18,799"
me-mobile-magic-star-pro,me-mobile,"Rs. 2,699"
me-mobile-power-max,me-mobile,"Rs. 1,775"
oppo-a78,oppo,"Rs. 66,799"
gfive-mega-music,gfive,"Rs. 3,499"
vivo-v29e,vivo,"Rs. 89,499"
infinix-note-12-g96,infinix,"Rs. 45,499"
samsung-galaxy-z-flip-5,samsung,"Rs. 329,999"
gfive-g550-power,gfive,"Rs. 3,299"
xiaomi-13t-pro,xiaomi,"Rs. 229,999"
digit-infinity-max,digit,"Rs. 18,799"
me-mobile-magic-star-pro,me-mobile,"Rs. 2,699"
me-mobile-power-max,me-mobile,"Rs. 1,775"
oppo-a78,oppo,"Rs. 66,799"
gfive-mega-music,gfive,"Rs. 3,499"
vivo-v29e,vivo,"Rs. 89,499"
infinix-note-12-g96,infinix,"Rs. 45,499"
samsung-galaxy-z-flip-5,samsung,"Rs. 329,999"
samsung-galaxy-z-flip-5,samsung,"Rs. 329,999"
gfive-g550-power,gfive,"Rs. 3,299"
xiaomi-13t-pro,xiaomi,"Rs. 229,999"
digit-infinity-max,digit,"Rs. 18,799"
me-mobile-magic-star-pro,me-mobile,"Rs. 2,699"
me-mobile-power-max,me-mobile,"Rs. 1,775"
oppo-a78,oppo,"Rs. 66,799"
gfive-mega-music,gfive,"Rs. 3,499"
vivo-v29e,vivo,"Rs. 89,499"
infinix-note-12-g96,infinix,"Rs. 45,499"
samsung-galaxy-z-flip-5,samsung,"Rs. 329,999"
gfive-g550-power,gfive,"Rs. 3,299"
xiaomi-13t-pro,xiaomi,"Rs. 229,999"
xiaomi-13t-pro,xiaomi,"Rs. 229,999"
digit-infinity-max,digit,"Rs. 18,799"
me-mobile-magic-star-pro,me-mobile,"Rs. 2,699"
me-mobile-power-max,me-mobile,"Rs. 1,775"
oppo-a78,oppo,"Rs. 66,799"
gfive-mega-music,gfive,"Rs. 3,499"
dcode-bold-3,dcode,"Rs. 29,799"
vivo-v29e,vivo,"Rs. 89,499"
vivo-v29e,vivo,"Rs. 89,499"
xmobile-x2-selfie,xmobile,"Rs. 2,899"
infinix-note-12-g96,infinix,"Rs. 45,499"
infinix-note-12-g96,infinix,"Rs. 45,499"
samsung-galaxy-z-flip-5,samsung,"Rs. 329,999"
gfive-g550-power,gfive,"Rs. 3,299"
xiaomi-13t-pro,xiaomi,"Rs. 229,999"
digit-infinity-max,digit,"Rs. 18,799"
me-mobile-magic-star-pro,me-mobile,"Rs. 2,699"
me-mobile-power-max,me-mobile,"Rs. 1,775"
oppo-a78,oppo,"Rs. 66,799"
gfive-mega-music,gfive,"Rs. 3,499"
dcode-bold-3,dcode,"Rs. 29,799"
vivo-v29e,vivo,"Rs. 89,499"
xmobile-x2-selfie,xmobile,"Rs. 2,899"
infinix-note-12-g96,infinix,"Rs. 45,499"
samsung-galaxy-z-flip-5,samsung,"Rs. 329,999"
gfive-g550-power,gfive,"Rs. 3,299"
xiaomi-13t-pro,xiaomi,"Rs. 229,999"
digit-infinity-max,digit,"Rs. 18,799"
me-mobile-magic-star-pro,me-mobile,"Rs. 2,699"
me-mobile-power-max,me-mobile,"Rs. 1,775"
oppo-a78,oppo,"Rs. 66,799"
gfive-mega-music,gfive,"Rs. 3,499"
dcode-bold-3,dcode,"Rs. 29,799"
vivo-v29e,vivo,"Rs. 89,499"
xmobile-x2-selfie,xmobile,"Rs. 2,899"
infinix-note-12-g96,infinix,"Rs. 45,499"
samsung-galaxy-z-flip-5,samsung,"Rs. 329,999"
gfive-g550-power,gfive,"Rs. 3,299"
xiaomi-13t-pro,xiaomi,"Rs. 229,999"
digit-infinity-max,digit,"Rs. 18,799"
me-mobile-magic-star-pro,me-mobile,"Rs. 2,699"
me-mobile-magic-star-pro,me-mobile,"Rs. 2,699"
me-mobile-power-max,me-mobile,"Rs. 1,775"
oppo-a78,oppo,"Rs. 66,799"
gfive-mega-music,gfive,"Rs. 3,499"
qmobile-qguru-plus,qmobile,"Rs. 2,399"
itel-magic-4-it6360,itel,"Rs. 5,999"
dcode-bold-3,dcode,"Rs. 29,799"
vivo-v29e,vivo,"Rs. 89,499"
xmobile-x2-selfie,xmobile,"Rs. 2,899"
infinix-note-12-g96,infinix,"Rs. 45,499"
samsung-galaxy-z-flip-5,samsung,"Rs. 329,999"
gfive-g550-power,gfive,"Rs. 3,299"
xiaomi-13t-pro,xiaomi,"Rs. 229,999"
digit-infinity-max,digit,"Rs. 18,799"
me-mobile-magic-star-pro,me-mobile,"Rs. 2,699"
me-mobile-power-max,me-mobile,"Rs. 1,775"
oppo-a78,oppo,"Rs. 66,799"
gfive-mega-music,gfive,"Rs. 3,499"
qmobile-qguru-plus,qmobile,"Rs. 2,399"
itel-magic-4-it6360,itel,"Rs. 5,999"
dcode-bold-3,dcode,"Rs. 29,799"
vivo-v29e,vivo,"Rs. 89,499"
xmobile-x2-selfie,xmobile,"Rs. 2,899"
infinix-note-12-g96,infinix,"Rs. 45,499"
samsung-galaxy-z-flip-5,samsung,"Rs. 329,999"
gfive-g550-power,gfive,"Rs. 3,299"
xiaomi-13t-pro,xiaomi,"Rs. 229,999"
digit-infinity-max,digit,"Rs. 18,799"
me-mobile-magic-star-pro,me-mobile,"Rs. 2,699"
me-mobile-power-max,me-mobile,"Rs. 1,775"
oppo-a78,oppo,"Rs. 66,799"
gfive-mega-music,gfive,"Rs. 3,499"
qmobile-qguru-plus,qmobile,"Rs. 2,399"
itel-magic-4-it6360,itel,"Rs. 5,999"
dcode-bold-3,dcode,"Rs. 29,799"
vivo-v29e,vivo,"Rs. 89,499"
xmobile-x2-selfie,xmobile,"Rs. 2,899"
infinix-note-12-g96,infinix,"Rs. 45,499"
samsung-galaxy-z-flip-5,samsung,"Rs. 329,999"
gfive-g550-power,gfive,"Rs. 3,299"
xiaomi-13t-pro,xiaomi,"Rs. 229,999"
digit-infinity-max,digit,"Rs. 18,799"
me-mobile-magic-star-pro,me-mobile,"Rs. 2,699"
oppo-a78,oppo,"Rs. 66,799"
gfive-mega-music,gfive,"Rs. 3,499"
qmobile-qguru-plus,qmobile,"Rs. 2,399"
itel-magic-4-it6360,itel,"Rs. 5,999"
dcode-bold-3,dcode,"Rs. 29,799"
vivo-v29e,vivo,"Rs. 89,499"
xmobile-x2-selfie,xmobile,"Rs. 2,899"
infinix-note-12-g96,infinix,"Rs. 45,499"
samsung-galaxy-z-flip-5,samsung,"Rs. 329,999"
gfive-g550-power,gfive,"Rs. 3,299"
xiaomi-13t-pro,xiaomi,"Rs. 229,999"
digit-infinity-max,digit,"Rs. 18,799"
me-mobile-magic-star-pro,me-mobile,"Rs. 2,699"
oppo-a78,oppo,"Rs. 66,799"
gfive-mega-music,gfive,"Rs. 3,499"
qmobile-qguru-plus,qmobile,"Rs. 2,399"
itel-magic-4-it6360,itel,"Rs. 5,999"
dcode-bold-3,dcode,"Rs. 29,799"
vivo-v29e,vivo,"Rs. 89,499"
xmobile-x2-selfie,xmobile,"Rs. 2,899"
infinix-note-12-g96,infinix,"Rs. 45,499"
samsung-galaxy-z-flip-5,samsung,"Rs. 329,999"
gfive-g550-power,gfive,"Rs. 3,299"
xiaomi-13t-pro,xiaomi,"Rs. 229,999"
digit-infinity-max,digit,"Rs. 18,799"
me-mobile-magic-star-pro,me-mobile,"Rs. 2,699"
oppo-a78,oppo,"Rs. 66,799"
gfive-mega-music,gfive,"Rs. 3,499"
qmobile-qguru-plus,qmobile,"Rs. 2,399"
itel-magic-4-it6360,itel,"Rs. 5,999"
dcode-bold-3,dcode,"Rs. 29,799"
vivo-v29e,vivo,"Rs. 89,499"
xmobile-x2-selfie,xmobile,"Rs. 2,899"
infinix-note-12-g96,infinix,"Rs. 45,499"
samsung-galaxy-z-flip-5,samsung,"Rs. 329,999"
gfive-g550-power,gfive,"Rs. 3,299"
xiaomi-13t-pro,xiaomi,"Rs. 229,999"
digit-infinity-max,digit,"Rs. 18,799"
me-mobile-magic-star-pro,me-mobile,"Rs. 2,699"
oppo-a78,oppo,"Rs. 66,799"
gfive-mega-music,gfive,"Rs. 3,499"
qmobile-qguru-plus,qmobile,"Rs. 2,399"
itel-magic-4-it6360,itel,"Rs. 5,999"
dcode-bold-3,dcode,"Rs. 29,799"
vivo-v29e,vivo,"Rs. 89,499"
xmobile-x2-selfie,xmobile,"Rs. 2,899"
infinix-note-12-g96,infinix,"Rs. 45,499"
samsung-galaxy-z-flip-5,samsung,"Rs. 329,999"
gfive-g550-power,gfive,"Rs. 3,299"
xiaomi-13t-pro,xiaomi,"Rs. 229,999"
digit-infinity-max,digit,"Rs. 18,799"
me-mobile-magic-star-pro,me-mobile,"Rs. 2,699"
oppo-a78,oppo,"Rs. 66,799"
gfive-mega-music,gfive,"Rs. 3,499"
qmobile-qguru-plus,qmobile,"Rs. 2,399"
itel-magic-4-it6360,itel,"Rs. 5,999"
dcode-bold-3,dcode,"Rs. 29,799"
vivo-v29e,vivo,"Rs. 89,499"
xmobile-x2-selfie,xmobile,"Rs. 2,899"
infinix-note-12-g96,infinix,"Rs. 45,499"
samsung-galaxy-z-flip-5,samsung,"Rs. 329,999"
gfive-g550-power,gfive,"Rs. 3,299"
xiaomi-13t-pro,xiaomi,"Rs. 229,999"
digit-infinity-max,digit,"Rs. 18,799"
me-mobile-magic-star-pro,me-mobile,"Rs. 2,699"
oppo-a78,oppo,"Rs. 66,799"
gfive-mega-music,gfive,"Rs. 3,499"
qmobile-qguru-plus,qmobile,"Rs. 2,399"
itel-magic-4-it6360,itel,"Rs. 5,999"
dcode-bold-3,dcode,"Rs. 29,799"
vivo-v29e,vivo,"Rs. 89,499"
xmobile-x2-selfie,xmobile,"Rs. 2,899"
infinix-note-12-g96,infinix,"Rs. 45,499"
samsung-galaxy-z-flip-5,samsung,"Rs. 329,999"
gfive-g550-power,gfive,"Rs. 3,299"
xiaomi-13t-pro,xiaomi,"Rs. 229,999"
digit-infinity-max,digit,"Rs. 18,799"
me-mobile-magic-star-pro,me-mobile,"Rs. 2,699"
oppo-a78,oppo,"Rs. 66,799"
gfive-mega-music,gfive,"Rs. 3,499"
qmobile-qguru-plus,qmobile,"Rs. 2,399"
itel-magic-4-it6360,itel,"Rs. 5,999"
dcode-bold-3,dcode,"Rs. 29,799"
vivo-v29e,vivo,"Rs. 89,499"
xmobile-x2-selfie,xmobile,"Rs. 2,899"
infinix-note-12-g96,infinix,"Rs. 45,499"
samsung-galaxy-z-flip-5,samsung,"Rs. 329,999"
gfive-g550-power,gfive,"Rs. 3,299"
xiaomi-13t-pro,xiaomi,"Rs. 229,999"
digit-infinity-max,digit,"Rs. 18,799"
me-mobile-magic-star-pro,me-mobile,"Rs. 2,699"
oppo-a78,oppo,"Rs. 66,799"
gfive-mega-music,gfive,"Rs. 3,499"
qmobile-qguru-plus,qmobile,"Rs. 2,399"
itel-magic-4-it6360,itel,"Rs. 5,999"
dcode-bold-3,dcode,"Rs. 29,799"
vivo-v29e,vivo,"Rs. 89,499"
xmobile-x2-selfie,xmobile,"Rs. 2,899"
infinix-note-12-g96,infinix,"Rs. 45,499"
samsung-galaxy-z-flip-5,samsung,"Rs. 329,999"
gfive-g550-power,gfive,"Rs. 3,299"
xiaomi-13t-pro,xiaomi,"Rs. 229,999"
digit-infinity-max,digit,"Rs. 18,799"
me-mobile-magic-star-pro,me-mobile,"Rs. 2,699"
oppo-a78,oppo,"Rs. 66,799"
gfive-mega-music,gfive,"Rs. 3,499"
qmobile-qguru-plus,qmobile,"Rs. 2,399"
itel-magic-4-it6360,itel,"Rs. 5,999"
dcode-bold-3,dcode,"Rs. 29,799"
vivo-v29e,vivo,"Rs. 89,499"
xmobile-x2-selfie,xmobile,"Rs. 2,899"
infinix-note-12-g96,infinix,"Rs. 45,499"
samsung-galaxy-z-flip-5,samsung,"Rs. 329,999"
gfive-g550-power,gfive,"Rs. 3,299"
xiaomi-13t-pro,xiaomi,"Rs. 229,999"
digit-infinity-max,digit,"Rs. 18,799"
me-mobile-magic-star-pro,me-mobile,"Rs. 2,699"
oppo-a78,oppo,"Rs. 66,799"
gfive-mega-music,gfive,"Rs. 3,499"
qmobile-qguru-plus,qmobile,"Rs. 2,399"
itel-magic-4-it6360,itel,"Rs. 5,999"
dcode-bold-3,dcode,"Rs. 29,799"
vivo-v29e,vivo,"Rs. 89,499"
xmobile-x2-selfie,xmobile,"Rs. 2,899"
infinix-note-12-g96,infinix,"Rs. 45,499"
samsung-galaxy-z-flip-5,samsung,"Rs. 329,999"
gfive-g550-power,gfive,"Rs. 3,299"
xiaomi-13t-pro,xiaomi,"Rs. 229,999"
digit-infinity-max,digit,"Rs. 18,799"
me-mobile-magic-star-pro,me-mobile,"Rs. 2,699"
oppo-a78,oppo,"Rs. 66,799"
gfive-mega-music,gfive,"Rs. 3,499"
qmobile-qguru-plus,qmobile,"Rs. 2,399"
itel-magic-4-it6360,itel,"Rs. 5,999"
dcode-bold-3,dcode,"Rs. 29,799"
vivo-v29e,vivo,"Rs. 89,499"
xmobile-x2-selfie,xmobile,"Rs. 2,899"
infinix-note-12-g96,infinix,"Rs. 45,499"
samsung-galaxy-z-flip-5,samsung,"Rs. 329,999"
gfive-g550-power,gfive,"Rs. 3,299"
xiaomi-13t-pro,xiaomi,"Rs. 229,999"
digit-infinity-max,digit,"Rs. 18,799"
me-mobile-magic-star-pro,me-mobile,"Rs. 2,699"
oppo-a78,oppo,"Rs. 66,799"
gfive-mega-music,gfive,"Rs. 3,499"
qmobile-qguru-plus,qmobile,"Rs. 2,399"
itel-magic-4-it6360,itel,"Rs. 5,999"
dcode-bold-3,dcode,"Rs. 29,799"
vivo-v29e,vivo,"Rs. 89,499"
xmobile-x2-selfie,xmobile,"Rs. 2,899"
infinix-note-12-g96,infinix,"Rs. 45,499"
samsung-galaxy-z-flip-5,samsung,"Rs. 329,999"
gfive-g550-power,gfive,"Rs. 3,299"
xiaomi-13t-pro,xiaomi,"Rs. 229,999"
digit-infinity-max,digit,"Rs. 18,799"
me-mobile-magic-star-pro,me-mobile,"Rs. 2,699"
oppo-a78,oppo,"Rs. 66,799"
gfive-mega-music,gfive,"Rs. 3,499"
qmobile-qguru-plus,qmobile,"Rs. 2,399"
itel-magic-4-it6360,itel,"Rs. 5,999"
dcode-bold-3,dcode,"Rs. 29,799"
vivo-v29e,vivo,"Rs. 89,499"
xmobile-x2-selfie,xmobile,"Rs. 2,899"
infinix-note-12-g96,infinix,"Rs. 45,499"
samsung-galaxy-z-flip-5,samsung,"Rs. 329,999"
gfive-g550-power,gfive,"Rs. 3,299"
xiaomi-13t-pro,xiaomi,"Rs. 229,999"
digit-infinity-max,digit,"Rs. 18,799"
me-mobile-magic-star-pro,me-mobile,"Rs. 2,699"
oppo-a78,oppo,"Rs. 66,799"
gfive-mega-music,gfive,"Rs. 3,499"
qmobile-qguru-plus,qmobile,"Rs. 2,399"
itel-magic-4-it6360,itel,"Rs. 5,999"
dcode-bold-3,dcode,"Rs. 29,799"
vivo-v29e,vivo,"Rs. 89,499"
xmobile-x2-selfie,xmobile,"Rs. 2,899"
infinix-note-12-g96,infinix,"Rs. 45,499"
samsung-galaxy-z-flip-5,samsung,"Rs. 329,999"
gfive-g550-power,gfive,"Rs. 3,299"
xiaomi-13t-pro,xiaomi,"Rs. 229,999"
digit-infinity-max,digit,"Rs. 18,799"
me-mobile-magic-star-pro,me-mobile,"Rs. 2,699"
oppo-a78,oppo,"Rs. 66,799"
gfive-mega-music,gfive,"Rs. 3,499"
qmobile-qguru-plus,qmobile,"Rs. 2,399"
itel-magic-4-it6360,itel,"Rs. 5,999"
dcode-bold-3,dcode,"Rs. 29,799"
vivo-v29e,vivo,"Rs. 89,499"
xmobile-x2-selfie,xmobile,"Rs. 2,899"
samsung-galaxy-z-flip-5,samsung,"Rs. 329,999"
gfive-g550-power,gfive,"Rs. 3,299"
xiaomi-13t-pro,xiaomi,"Rs. 229,999"
digit-infinity-max,digit,"Rs. 18,799"
oppo-a78,oppo,"Rs. 66,799"
gfive-mega-music,gfive,"Rs. 3,499"
qmobile-qguru-plus,qmobile,"Rs. 2,399"
itel-magic-4-it6360,itel,"Rs. 5,999"
dcode-bold-3,dcode,"Rs. 29,799"
vivo-v29e,vivo,"Rs. 89,499"
xmobile-x2-selfie,xmobile,"Rs. 2,899"
samsung-galaxy-z-flip-5,samsung,"Rs. 329,999"
gfive-g550-power,gfive,"Rs. 3,299"
xiaomi-13t-pro,xiaomi,"Rs. 229,999"
digit-infinity-max,digit,"Rs. 18,799"
oppo-a78,oppo,"Rs. 66,799"
gfive-mega-music,gfive,"Rs. 3,499"
qmobile-qguru-plus,qmobile,"Rs. 2,399"
itel-magic-4-it6360,itel,"Rs. 5,999"
dcode-bold-3,dcode,"Rs. 29,799"
vivo-v29e,vivo,"Rs. 89,499"
xmobile-x2-selfie,xmobile,"Rs. 2,899"
samsung-galaxy-z-flip-5,samsung,"Rs. 329,999"
gfive-g550-power,gfive,"Rs. 3,299"
digit-infinity-max,digit,"Rs. 18,799"
oppo-a78,oppo,"Rs. 66,799"
gfive-mega-music,gfive,"Rs. 3,499"
qmobile-qguru-plus,qmobile,"Rs. 2,399"
itel-magic-4-it6360,itel,"Rs. 5,999"
dcode-bold-3,dcode,"Rs. 29,799"
vivo-v29e,vivo,"Rs. 89,499"
xmobile-x2-selfie,xmobile,"Rs. 2,899"
samsung-galaxy-z-flip-5,samsung,"Rs. 329,999"
gfive-g550-power,gfive,"Rs. 3,299"
digit-infinity-max,digit,"Rs. 18,799"
oppo-a78,oppo,"Rs. 66,799"
qmobile-qguru-plus,qmobile,"Rs. 2,399"
itel-magic-4-it6360,itel,"Rs. 5,999"
dcode-bold-3,dcode,"Rs. 29,799"
vivo-v29e,vivo,"Rs. 89,499"
xmobile-x2-selfie,xmobile,"Rs. 2,899"
samsung-galaxy-z-flip-5,samsung,"Rs. 329,999"
gfive-g550-power,gfive,"Rs. 3,299"
oppo-a78,oppo,"Rs. 66,799"
qmobile-qguru-plus,qmobile,"Rs. 2,399"
itel-magic-4-it6360,itel,"Rs. 5,999"
dcode-bold-3,dcode,"Rs. 29,799"
vivo-v29e,vivo,"Rs. 89,499"
xmobile-x2-selfie,xmobile,"Rs. 2,899"
samsung-galaxy-z-flip-5,samsung,"Rs. 329,999"
gfive-g550-power,gfive,"Rs. 3,299"
oppo-a78,oppo,"Rs. 66,799"
qmobile-qguru-plus,qmobile,"Rs. 2,399"
itel-magic-4-it6360,itel,"Rs. 5,999"
dcode-bold-3,dcode,"Rs. 29,799"
vivo-v29e,vivo,"Rs. 89,499"
xmobile-x2-selfie,xmobile,"Rs. 2,899"
samsung-galaxy-z-flip-5,samsung,"Rs. 329,999"
gfive-g550-power,gfive,"Rs. 3,299"
oppo-a78,oppo,"Rs. 66,799"
qmobile-qguru-plus,qmobile,"Rs. 2,399"
itel-magic-4-it6360,itel,"Rs. 5,999"
dcode-bold-3,dcode,"Rs. 29,799"
vivo-v29e,vivo,"Rs. 89,499"
xmobile-x2-selfie,xmobile,"Rs. 2,899"
samsung-galaxy-z-flip-5,samsung,"Rs. 329,999"
gfive-g550-power,gfive,"Rs. 3,299"
oppo-a78,oppo,"Rs. 66,799"
qmobile-qguru-plus,qmobile,"Rs. 2,399"
itel-magic-4-it6360,itel,"Rs. 5,999"
dcode-bold-3,dcode,"Rs. 29,799"
xmobile-x2-selfie,xmobile,"Rs. 2,899"
gfive-g550-power,gfive,"Rs. 3,299"
qmobile-qguru-plus,qmobile,"Rs. 2,399"
itel-magic-4-it6360,itel,"Rs. 5,999"
dcode-bold-3,dcode,"Rs. 29,799"
xmobile-x2-selfie,xmobile,"Rs. 2,899"
gfive-g550-power,gfive,"Rs. 3,299"
qmobile-qguru-plus,qmobile,"Rs. 2,399"
itel-magic-4-it6360,itel,"Rs. 5,999"
dcode-bold-3,dcode,"Rs. 29,799"
xmobile-x2-selfie,xmobile,"Rs. 2,899"
qmobile-qguru-plus,qmobile,"Rs. 2,399"
itel-magic-4-it6360,itel,"Rs. 5,999"
itel-magic-4-it6360,itel,"Rs. 5,999"
dcode-bold-3,dcode,"Rs. 29,799"
xmobile-x2-selfie,xmobile,"Rs. 2,899"
qmobile-qguru-plus,qmobile,"Rs. 2,399"
itel-magic-4-it6360,itel,"Rs. 5,999"
dcode-bold-3,dcode,"Rs. 29,799"
xmobile-x2-selfie,xmobile,"Rs. 2,899"
qmobile-qguru-plus,qmobile,"Rs. 2,399"
itel-magic-4-it6360,itel,"Rs. 5,999"
dcode-bold-3,dcode,"Rs. 29,799"
xmobile-x2-selfie,xmobile,"Rs. 2,899"
qmobile-qguru-plus,qmobile,"Rs. 2,399"
itel-magic-4-it6360,itel,"Rs. 5,999"
dcode-bold-3,dcode,"Rs. 29,799"
xmobile-x2-selfie,xmobile,"Rs. 2,899"
qmobile-qguru-plus,qmobile,"Rs. 2,399"
itel-magic-4-it6360,itel,"Rs. 5,999"
qmobile-qguru-plus,qmobile,"Rs. 2,399"
itel-magic-4-it6360,itel,"Rs. 5,999"
qmobile-qguru-plus,qmobile,"Rs. 2,399"
